model,prompt_size_label,median,p90,count
deepseek-3.2,deepseek_10k,1.8965029164999692,4.10683153719997,20
deepseek-3.2,long,2.0668903545000035,3.6882338704999533,20
deepseek-3.2,medium,1.3897171245000095,1.9052743785000543,20
deepseek-3.2,short,1.4327130415000795,3.52035426250002,20
deepseek-v4.1-flash,long,1.4762003124999978,1.860732124699999,20
deepseek-v4.1-flash,medium,0.9961364165000148,1.3496173544000245,20
deepseek-v4.1-flash,short,0.9032734584999957,1.7159088294000044,20
gemma-4-31b-it,long,3.3462284375001445,4.05727937939987,20
gemma-4-31b-it,medium,1.1196214789999885,1.8120744708001213,20
gemma-4-31b-it,short,0.9289009789999625,1.5813412208000008,20
glm-5.3,long,1.8550846665000051,2.3442795005999875,20
glm-5.3,medium,0.9905116875000317,1.1781670048000026,20
glm-5.3,short,0.8774397915000236,1.5441899212000407,20
kimi-k2.6,long,1.4565066665000188,1.9448075625000176,20
kimi-k2.6,medium,1.1687203749999924,1.4059225417000054,20
kimi-k2.6,short,0.8968806664999835,1.5012476543999898,20
llama-4-maverick,long,1.7876445210000043,2.5790094336000724,20
llama-4-maverick,medium,0.9759307914999908,1.6646163119000221,20
llama-4-maverick,short,0.9833164790000097,1.7731553249998968,20
